MMYY,Region A (VV dB),Region B (VV dB)
04-2025,23.15067853095912,22.871941300879698
05-2025,22.3663827405657,22.244855832402646
06-2025,22.441091775131657,22.352847959609516
07-2025,22.987419245634516,22.471105787206618
08-2025,22.680271602482556,22.543396295607025
09-2025,22.360521332257942,22.736468962634365
10-2025,22.547347768083306,22.589189713133
11-2025,22.541055728668507,22.59719314454895
12-2025,22.80589704327612,22.80589704327612
