month,Region A (LST °C),Region B (LST °C)
04-2025,25.33161702575686,24.287831094360374
05-2025,25.51377633056643,26.54109209594729
06-2025,29.162659317016626,30.368778656005883
07-2025,25.710212008667014,25.930034963989282
08-2025,25.416549020385766,25.516917996215845
09-2025,21.01176144409182,22.13837009277346
10-2025,17.244863867187522,16.815780072021507
11-2025,9.909206076049829,9.587593786621117
12-2025,5.902451522827171,5.690564138793968
