MMYY,Region A (LST),Region B (LST)
04-2025,-3.6547133333333077,-3.399533333333311
05-2025,-4.368296666666644,2.7548066666666937
06-2025,11.228556666666687,13.176690000000024
07-2025,6.101080645161314,6.141106451612922
08-2025,5.31368064516131,6.328367741935511
09-2025,1.8961827586207147,5.659600000000026
10-2025,-0.7417032258064256,-1.5945419354838481
11-2025,-7.133573333333311,-7.722939999999974
12-2025,-4.185299999999984,-6.047499999999957
